X,Y,bAddress,Address,Title
-123.142216,49.28408,Beach Towers Apartments,Beach Towers Apartments,Two Steel and Copper Fountains
-123.135029,49.27699,Vancouver Aquatic Centre,Vancouver Aquatic Centre,The Swimmer
-123.113126,49.27739,,,Fulcrum of Vision
-123.031001,49.258316,Grandview Highway Canadian Tire,Grandview Highway Canadian Tire,turn
-123.117575,49.286083,Bentall Bldg.,Bentall Bldg.,Charles Bentall
-123.119119,49.240719,Holy Name Parish,Holy Name Parish,Stations of the Cross
-123.139358,49.292928,Lost Lagoon Terraces,Lost Lagoon Terraces,Untitled (relief)
-123.143036,49.291012,White House Apartments,White House Apartments,Untitled (mural)
-123.136649,49.290483,West End Community Centre,West End Community Centre,WECCstoration Project
-123.130832,49.275678,Pomaria,Pomaria,Weathervane
-123.13842,49.24725,St. John's Shaughnessy Church,St. John's Shaughnessy Church,Three Incidents in the Life of St. John
-123.092675,49.273621,National  Works Yard,National  Works Yard,Roller
-123.087683,49.215366,Moberly Arts Centre,Moberly Arts Centre,Welcoming Walkway
-123.082415,49.211591,Ross Street Temple,Ross Street Temple,Project Tendril
-123.120407,49.279305,Metropolitan Towers,Metropolitan Towers,Haida Eagle and Frog Totem Pole
-123.164822,49.249535,Trafalgar Elementary School,Trafalgar Elementary School,Trafalgar Tile Wall
-123.097363,49.277893,Outdoor Site: 221 A Gallery - Union St. & Gore St.,Outdoor Site: 221 A Gallery - Union St. & Gore St.,Semi-Public: Vancouver Especially (A Vancouver Special scaled to its property value in 1973, then…
-123.145985,49.262865,College of Physicians & Surgeons of B.C.,College of Physicians & Surgeons of B.C.,Asclepius
-123.113918,49.261185,Vancouver City Hall,Vancouver City Hall,Captain George Vancouver
-123.113718,49.260687,Vancouver City Hall,Vancouver City Hall,Gerald Grattan McGeer
-123.114522,49.261439,Vancouver City Hall,Vancouver City Hall,Lovers II
-123.111389,49.263263,Clydemont Centre,Clydemont Centre,Untitled (Clydemont Centre)
-123.111406,49.28525,Waterfront Station,Waterfront Station,Angel of Victory
-123.121201,49.284867,Royal Bank,Royal Bank,Ksan Mural
-123.115823,49.281273,,,Royal Sweet Diamond
-123.116352,49.237256,Ridgeway Greenway,Ridgeway Greenway,Machina Metronoma (South Cambie neighbourhood)
-123.128093,49.217006,Marpole-Oakridge Community Centre (Oak Park),Marpole-Oakridge Community Centre (Oak Park),Garland
-123.120415,49.282932,Vancouver Art Gallery,Vancouver Art Gallery,Four Boats Stranded:  Red and Yellow, Black and White
-123.124115,49.29068,The Escala,The Escala,Weave
-123.117523,49.287072,Environment Canada and Oceans & Fisheries Building,Environment Canada and Oceans & Fisheries Building,Public Service/Private Step
-123.119083,49.281865,Canada Line - Vancouver City Centre Station,Canada Line - Vancouver City Centre Station,Pier D
-123.113716,49.280003,Queen Elizabeth Plaza,Queen Elizabeth Plaza,As our gaze peers off into the distance, imagination takes over reality…
-123.119083,49.281865,Canada Line - Vancouver City Centre Station,Canada Line - Vancouver City Centre Station,Barnacle City
-123.10182,49.270023,Meccanica,Meccanica,Substation Pavilion
-123.113959,49.277434,Terry Fox Memorial Plaza,Terry Fox Memorial Plaza,Terry Fox Memorial
-123.101402,49.271536,CENTRAL,CENTRAL,Ninth Column
-123.1421,49.208554,Granville at 70th,Granville at 70th,Fusion
-123.100627,49.273296,Main Street Skytrain Station,Main Street Skytrain Station,Watch Seller
-123.138813,49.234303,,,Then Again
-123.101653,49.270879,LIDO,LIDO,Nail Farm
-123.116324,49.287868,Fairmont Pacific Rim Vancouver,Fairmont Pacific Rim Vancouver,Lying on top of a building the clouds looked no nearer than when I was lying on the street…
-123.106548,49.244221,Vancouver Olympic Centre/Vancouver Paralympic Cent,Vancouver Olympic Centre/Vancouver Paralympic Cent,Spindle Whorls
-123.129766,49.277092,SALT / 1308 Hornby,SALT / 1308 Hornby,Idea for a Trellis
-123.116774,49.289775,"Jack Poole Plaza Vancouver Convention Centre",Jack Poole Plaza Vancouver Convention Centre,Digital Orca
-123.113895,49.280003,Queen Elizabeth Plaza,Queen Elizabeth Plaza,Mind Crystal
-123.077956,49.251147,,,Kingsway Luminaires
-123.106698,49.271428,Southeast False Creek Plaza (Olympic Village),Southeast False Creek Plaza (Olympic Village),The Birds
-123.100272,49.264032,Mount Pleasant Civic Centre,Mount Pleasant Civic Centre,Flow
-123.106964,49.272196,South East False Creek Plaza,South East False Creek Plaza,Salish North Star in Maple Leaf
-123.065904,49.255147,Trout Lake Ice Rink,Trout Lake Ice Rink,Sacredness of Four
-123.044018,49.22695,Killarney Ice Rink,Killarney Ice Rink,Bright Futures
-123.13608,49.294667,Stanley Park,Stanley Park,Aerodynamic Forms in Space
-123.116458,49.279552,"Vancouver Public Library Main Branch",Vancouver Public Library Main Branch,THE WORDS DON’T FIT THE PICTURE
-123.121383,49.275046,,,Boulevard
-123.133831,49.271127,,,Surface
-123.113986,49.260791,City Hall,City Hall,Ice Light
-123.066169,49.284773,,,Every Letter In The Alphabet
-123.105903,49.279584,Shanghai Alley,Shanghai Alley,Suan Phan: Abacus
-123.122523,49.260111,VGH Energy Centre,VGH Energy Centre,VGH Energy Centre
-123.114089,49.289384,Vancouver Convention Centre,Vancouver Convention Centre,The Drop
-123.077613,49.265426,,,Monument for East Vancouver
-123.102799,49.273084,Science World (Creekside Park),Science World (Creekside Park),The Solar Bike Tree
-123.103112,49.280538,The Wing Sang Building,The Wing Sang Building,Everything Is Going To Be Alright
-123.162018,49.262375,Kitsilano,Kitsilano,Lost Streams
-123.058986,49.278338,Templeton Pool,Templeton Pool,Celebration Frieze
-123.097061,49.223429,Sunset Community Centre,Sunset Community Centre,Imprints
-123.094119,49.28238,Oppenheimer Park,Oppenheimer Park,Oppenheimer Memorial Totem Pole
-123.125023,49.271763,False Creek Sea Wall North,False Creek Sea Wall North,Red Horizontal
-123.117871,49.288318,Shaw Tower,Shaw Tower,Untitled (light work)
-123.122092,49.282006,Robson Square,Robson Square,Primary No. 9
-123.120828,49.299207,Brockton Point,Brockton Point,Kakasa'las
-123.135749,49.269881,Granville Island,Granville Island,Memorial to Barbara Dalrymple and John Rockingham
-123.090125,49.236546,Ridgeway Greenway,Ridgeway Greenway,Machina Metronoma (Kensington-Cedar Cottage neighbourhood)
-123.07414,49.266145,Grandview School,Grandview School,River of Life
-123.125969,49.280885,Electra,Electra,Untitled (mosaic)
-123.133224,49.239152,VanDusen Botanical Garden,VanDusen Botanical Garden,Horizontal Column
-123.130676,49.240287,VanDusen Botanical Garden,VanDusen Botanical Garden,Travertine Sculpture 75
-123.130122,49.239103,VanDusen Botanical Garden,VanDusen Botanical Garden,Between
-123.132656,49.238238,VanDusen Botanical Garden,VanDusen Botanical Garden,Woman
-123.131514,49.238951,VanDusen Botanical Garden,VanDusen Botanical Garden,Earth, Air and Sea
-123.133001,49.239524,VanDusen Botanical Garden,VanDusen Botanical Garden,In Memoriam of Teilhard de Chardin
-123.08681,49.281382,Fisherman's Credit Union,Fisherman's Credit Union,Untitled (Fisherman's Union Building)
-123.113646,49.281357,Main Post Office,Main Post Office,Untitled
-123.073144,49.248619,median,median,Flower Totems
-123.089098,49.210882,Wilkinson Company,Wilkinson Company,Horizons
-123.132034,49.24005,VanDusen Botanical Garden,VanDusen Botanical Garden,Developing Form
-123.132513,49.239702,VanDusen Botanical Garden,VanDusen Botanical Garden,Meta Morphosis
-123.11782,49.286242,Bentall Bldg.,Bentall Bldg.,Fountain of the Pioneers
-123.12202,49.283618,,,Symbols of the Cuneiforms
-123.112827,49.280453,Queen Elizabeth Theatre,Queen Elizabeth Theatre,Pacific Gateway 100
-123.11244,49.280413,Queen Elizabeth Playhouse,Queen Elizabeth Playhouse,Untitled (painting)
-123.177742,49.195243,Vancouver Intl. Airport,Vancouver Intl. Airport,The Jade Canoe
-123.043716,49.281365,Pacific National Exhibition Grounds,Pacific National Exhibition Grounds,The Miracle Mile
-123.138349,49.295666,Lost Lagoon,Lost Lagoon,Jubilee Fountain
-123.042774,49.284136,Hastings Park,Hastings Park,Christopher Columbus
-123.100841,49.25734,Heritage Hall,Heritage Hall,Untitled (mural)
-123.119053,49.298222,Brockton Oval,Brockton Oval,Harry Jerome
-123.121191,49.263188,Heather Medical Bldg.,Heather Medical Bldg.,Caduceus
-123.099,49.27401,Thornton Park,Thornton Park,Marker of Change
-123.116076,49.283662,Canadian Imperial Bank of Commerce,Canadian Imperial Bank of Commerce,B.C. Beginning
-123.144484,49.276588,"Vancouver City Archives Vanier Park",Vancouver City Archives Vanier Park,Major James Skitt Matthews (1878 - 1970)
-123.143186,49.264775,Postal Station D,Postal Station D,Untitled (Postal Station D)
-123.129578,49.239145,VanDusen Botanical Garden,VanDusen Botanical Garden,Fisherman (Hauling in the Net)
-123.130191,49.238474,VanDusen Botanical Garden,VanDusen Botanical Garden,Untitled (wolf)
-123.130023,49.238533,VanDusen Botanical Garden,VanDusen Botanical Garden,Puttino (Boy with Dolphin)
-123.120121,49.285633,Discovery Park,Discovery Park,The Builders
-123.120043,49.285603,Discovery Park,Discovery Park,Vessel
-123.143704,49.284323,English Bay,English Bay,Inukshuk
-123.129379,49.238416,VanDusen Botanical Garden,VanDusen Botanical Garden,Al of the Gispudwada (Black Bear Crest of the Killer Whale Tribe)
-123.129426,49.23847,VanDusen Botanical Garden,VanDusen Botanical Garden,The Mosquito People
-123.116037,49.287198,Daon Building,Daon Building,Vancouver Vertical
-123.253421,49.264387,Scarf (Education) Bldg.,Scarf (Education) Bldg.,Untitled (natural forms)
-123.244446,49.254687,Thunderbird Stadium,Thunderbird Stadium,Thunderbirds
-123.122389,49.285715,MacMillan Bloedel Bldg.,MacMillan Bloedel Bldg.,Primavera
-123.124017,49.280592,Law Courts,Law Courts,Themis, Goddess of Justice
-123.131253,49.269947,Granville Island,Granville Island,Untitled (crane)
-123.134231,49.268934,Granville Island Pathway,Granville Island Pathway,Untitled (metal forms)
-123.099243,49.284804,North Main Street overpass to Port Authority,North Main Street overpass to Port Authority,Untitled (Shanghai lions)
-123.120009,49.284181,Cathedral Place,Cathedral Place,Navigation Device: Origin Unknown
-123.122348,49.260248,Vancouver General Hospital,Vancouver General Hospital,BC Nurses Memorial - 'When Humans Bleed'
-123.247892,49.264482,Woodward Bio-Medical Library,Woodward Bio-Medical Library,George VI
-123.247513,49.263887,MacDonald (Dentistry) Bldg.,MacDonald (Dentistry) Bldg.,Untitled
-123.250955,49.261089,MacMillan Building,MacMillan Building,Man About to Plant Alfalfa
-123.148075,49.27753,Vancouver Maritime Museum,Vancouver Maritime Museum,Rand and Edgar Mural (Maritime Museum Mural)
-123.122147,49.2874,,,Transformation
-123.085648,49.264181,House of Happiness,House of Happiness,House of Happiness Totem Pole
-123.065168,49.248832,Cedar Cottage Neighbourhood House,Cedar Cottage Neighbourhood House,Collective Echoes
-123.108576,49.257301,Simon Fraser Elementary School,Simon Fraser Elementary School,Mainly for the Birds
-123.142831,49.313328,Stanley Park,Stanley Park,S.S. Beaver Tablet and Cairn
-123.09901,49.266551,Native Education Centre,Native Education Centre,Wilp
-123.088473,49.26368,community garden,community garden,Community Fence
-123.066918,49.271405,Victoria Park,Victoria Park,Children's Animal Pathway
-123.143707,49.275545,Vanier Park,Vanier Park,Nicholas Copernicus Plaque
-123.147461,49.277073,Vancouver Museum and Planetarium,Vancouver Museum and Planetarium,Welcome Figures (Vancouver Museum and Planetarium)
-123.107627,49.225138,Langara College,Langara College,Totem Pole (Langara College)
-123.127743,49.288328,The Lions,The Lions,Milky Way
-123.112972,49.28167,B.C. Hydro,B.C. Hydro,Water Work
-123.117586,49.286128,,,The Pod
-123.146003,49.290439,Stanley Park,Stanley Park,David Oppenheimer
-123.142386,49.285563,Alexandra Park,Alexandra Park,Joe Fortes Drinking Fountain
-123.115891,49.273422,Coopers Mews,Coopers Mews,Coopers Mews
-123.097921,49.282044,Firehall Art Centre,Firehall Art Centre,Offerings: A Garden Installation
-123.112471,49.24213,Queen Elizabeth Park,Queen Elizabeth Park,Photo Session
-123.112093,49.281487,Or Art Gallery,Or Art Gallery,Unlimited Growth Increases The Divide
-123.139622,49.238059,Ridgeway Greenway,Ridgeway Greenway,Machina Metronoma (Shaughnessy Neighbourhood)
-123.081968,49.279173,Keefer St. Overpass,Keefer St. Overpass,Guardian Dragon
-123.145862,49.272017,Seaforth Park,Seaforth Park,Flame of Peace
-123.132934,49.238962,VanDusen Botanical Garden,VanDusen Botanical Garden,For the Botanical Garden
-123.132214,49.23917,VanDusen Botanical Garden,VanDusen Botanical Garden,Landscape 75
-123.122005,49.281413,Robson Square,Robson Square,Joy of Freedom
-123.123505,49.286143,BC Gas Building,BC Gas Building,Spirits in a Landscape
-123.074627,49.265898,Grandview/Uuqinak'uuk Elementary School,Grandview/Uuqinak'uuk Elementary School,Grandview-Terrace Welcoming Poles
-123.04078,49.28078,Hastings Community Park,Hastings Community Park,Colour
-123.121462,49.279148,The Spot,The Spot,Ten Thousand Faucets & Doorknobs
-123.128435,49.238041,VanDusen Botanical Garden,VanDusen Botanical Garden,Swedish Fountain
-123.129869,49.238501,VanDusen Botanical Garden,VanDusen Botanical Garden,Birds in Flight
-123.12981,49.238508,VanDusen Botanical Garden,VanDusen Botanical Garden,Jade
-123.130724,49.238871,VanDusen Botanical Garden,VanDusen Botanical Garden,Sundial
-123.129643,49.239117,VanDusen Botanical Garden,VanDusen Botanical Garden,Drinking Fountain
-123.250477,49.268544,Student Union Building,Student Union Building,Thunderbird
-123.250649,49.261347,Metallurgy Bldg.,Metallurgy Bldg.,Untitled (Metallurgy Building)
-123.119282,49.284079,HSBC Building,HSBC Building,Broken Column, (Pendulum)
-123.115347,49.266071,Cambie Street Plaza,Cambie Street Plaza,Centennial Rocket
-123.132556,49.238647,VanDusen Botanical Garden,VanDusen Botanical Garden,Observing Your Society
-123.06556,49.235938,Ridgeway Greenway,Ridgeway Greenway,Aluminum Petroglyphs
-123.132059,49.275212,Mae and Lorne Brown Park (or SEGS Park),Mae and Lorne Brown Park (or SEGS Park),GRANtable
-123.057708,49.286618,traffic circles,traffic circles,Traffic Circles
-123.113395,49.287974,Trade and Convention Centre,Trade and Convention Centre,Sisaxo'las Pole
-123.115651,49.284826,Pender Place,Pender Place,Canada Geese in Flight
-123.136105,49.298277,,,Harding Memorial Sculpture
-123.144503,49.276076,Vanier Park,Vanier Park,The Crab
-123.077085,49.236852,Ridgeway Greenway,Ridgeway Greenway,Three Herons
-123.135019,49.276558,Vancouver Aquatic Centre,Vancouver Aquatic Centre,Living Wall
-123.057441,49.288612,McGill Park,McGill Park,McGill Park
-123.130626,49.257971,L'Ecole Bilingue,L'Ecole Bilingue,Peopling the Playground
-123.082243,49.236477,Ridgeway Greenway,Ridgeway Greenway,Converging Lines
-123.130378,49.290946,Bayshore,Bayshore,Vancouver Overture, Opus One
-123.100666,49.249438,Mid-Main Community Health Centre,Mid-Main Community Health Centre,Mid-Main Mural Project
-123.044155,49.252022,Renfrew Community Centre,Renfrew Community Centre,Sculpture Poems
-123.097036,49.247555,John Street pedestrian throughway,John Street pedestrian throughway,Dry Stream
-123.087206,49.257805,Prince Albert Greenway,Prince Albert Greenway,Leaf Bench I & II
-123.096203,49.263812,Guelph Park,Guelph Park,Reclining Figure
-123.070124,49.273507,Grandview Park (Grandview Woodland),Grandview Park (Grandview Woodland),Five Pencils
-123.088452,49.278843,Maclean Park,Maclean Park,Glass Hand Project
-123.074147,49.273288,McLean Park / Mosaic Creek Park,McLean Park / Mosaic Creek Park,Mosaic Creek
-123.092458,49.282956,Lookout Drop-in Centre,Lookout Drop-in Centre,V6A ART
-123.193971,49.248834,Queen Elizabeth Elementary School,Queen Elizabeth Elementary School,Woodland Circles
-123.069679,49.274443,Reach Community Health Centre,Reach Community Health Centre,Days of Sun
-123.066927,49.267238,Queen Victoria School Annex,Queen Victoria School Annex,Games We've Played
-123.097212,49.237275,Ridgeway Greenway: Cartier Park,Ridgeway Greenway: Cartier Park,Backstop: A Stage for Wordsworth
-123.105648,49.237447,Ridgeway Greenway: Queen Elizabeth Park,Ridgeway Greenway: Queen Elizabeth Park,Big Bike
-123.106393,49.284039,Gastown,Gastown,Salmon Fountain
-123.112814,49.27758,BC Sports Hall of Fame and Museum,BC Sports Hall of Fame and Museum,Percy Williams
-123.121271,49.282599,Vancouver Art Gallery,Vancouver Art Gallery,Placed Upon the Horizon (Casting Shadows)
-123.049803,49.271005,Clinton Park,Clinton Park,Clinton Park Kiosk
-123.069599,49.262759,Commercial Drive Bridge,Commercial Drive Bridge,subTEXT:Community Signature Project
-123.066068,49.261805,Victoria Drive Bridge,Victoria Drive Bridge,Healing the Cut - Bridging the Gap
-123.157342,49.273272,Kitsilano Pool,Kitsilano Pool,Wind Swimmer
-123.116987,49.27431,median,median,Ring Gear
-123.101839,49.237247,Ridgeway Greenway,Ridgeway Greenway,Bicycle Wheel
-123.127791,49.237762,Ridgeway Greenway,Ridgeway Greenway,Utility Pole
-123.125581,49.287548,The Residences on Georgia,The Residences on Georgia,Persian Wall
-123.128163,49.291453,Coal Harbour,Coal Harbour,Make West
-123.118877,49.274768,Beatty Mews Plaza,Beatty Mews Plaza,Perennials
-123.071802,49.253479,Fleming Street Greenway,Fleming Street Greenway,Personalizing Our Park
-123.197495,49.237801,Southlands Elementary School,Southlands Elementary School,Southlands Salmon Wall
-123.0735,49.26461,Woodland Drive Bridge,Woodland Drive Bridge,Bird Feeders
-123.115356,49.286884,walkway,walkway,Working Landscape
-123.064024,49.256824,John Hendry Park - Trout Lake,John Hendry Park - Trout Lake,Trout Lake Pathways Project
-123.12577,49.287177,Palisades Apartments,Palisades Apartments,New Currents, An Ancient Stream
-123.120188,49.271158,Yaletown,Yaletown,Welcome to the Land of Light
-123.122832,49.271061,Roundhouse,Roundhouse,Brush With Illumination
-123.121871,49.272992,Roundhouse Community Centre,Roundhouse Community Centre,Terra Nova
-123.250027,49.267347,Student Union Bldg.,Student Union Bldg.,The Pacific Rim
-123.042243,49.250885,Renfrew Public Library,Renfrew Public Library,All Our Knowledge has its Origins in Our Perceptions
-123.115277,49.279912,Vancouver Public Library,Vancouver Public Library,Fountain of Time
-123.124754,49.273312,Yaletown Edge,Yaletown Edge,Footnotes
-123.125332,49.273266,"Governor's Tower Yaletown Edge",Governor's Tower Yaletown Edge,Password
-123.119515,49.272805,Marinaside Crescent,Marinaside Crescent,Street Light
-123.141154,49.209415,Granville at 70th,Granville at 70th,Land and Sea
-123.117473,49.300834,Brockton Point,Brockton Point,Shore to Shore
-123.13875,49.274429,,,Welcome Figure
-123.092673,49.25851,Robson Park,Robson Park,Robson Park Community Mural
-123.113716,49.280003,Queen Elizabeth Plaza,Queen Elizabeth Plaza,Alien Terrarium
-123.252618,49.269046,Brock Hall Annex,Brock Hall Annex,Untitled (ceramic mosaic)
-123.118827,49.288707,Three Harbour Green,Three Harbour Green,Capturing the View
-123.118824,49.288293,Median on east side of Cordova at Thurlow,Median on east side of Cordova at Thurlow,Nike
-123.101234,49.254946,,,Memento (Poodle)
-123.119663,49.289661,Coal Harbour,Coal Harbour,Komagata Maru
-123.114941,49.279754,"Vancouver Public Library Main Branch",Vancouver Public Library Main Branch,Reconciliation (2014) - Open Handed
-123.057158,49.269617,East 1st Avenue and Nanaimo Street,East 1st Avenue and Nanaimo Street,RestART Mural
-123.252319,49.26707,Main Library,Main Library,Monkey & Man
-123.107791,49.282643,Woodward's,Woodward's,Abbott & Cordova, 7 August 1971
-123.114779,49.272544,Cambie Bridge,Cambie Bridge,A False Creek
-123.112343,49.281585,,,Whispers
-123.114951,49.266989,Under Cambie Bridge,Under Cambie Bridge,Garde-Temps
-123.107076,49.245084,Hillcrest Park,Hillcrest Park,Geyser for Hillcrest Park
-123.256664,49.268017,Lasserre Bldg.,Lasserre Bldg.,Asiatic Head
-123.256027,49.267961,Lasserre Bldg.,Lasserre Bldg.,Three Forms
-123.256465,49.268048,Lasserre Bldg.,Lasserre Bldg.,Reclining Figure
-123.25621,49.267727,Lasserre Bldg.,Lasserre Bldg.,Dr. Norman Mackenzie
-123.254925,49.268271,Buchanan Building,Buchanan Building,Concerto
-123.2529,49.266839,Main Library,Main Library,Mother and Child
-123.25615,49.267848,,,Cumbria 67
-123.144964,49.278127,Vanier Park,Vanier Park,Gate to the Northwest Passage
-123.123447,49.280618,,,Clouds
-123.256733,49.268823,Thea Koerner Grad Student Center,Thea Koerner Grad Student Center,Transcendence
-123.250742,49.270727,St. Mark's Theological College (Duke Hall),St. Mark's Theological College (Duke Hall),St. Mark & the Lion
-123.256341,49.267163,Lasserre Bldg.,Lasserre Bldg.,Tuning Fork
-123.156609,49.301409,Ferguson Point,Ferguson Point,Pauline Johnson Memorial
-123.074643,49.258796,Our Lady of Fatima Church,Our Lady of Fatima Church,Untitled
-123.141344,49.25976,Granville Gardens,Granville Gardens,Wind Blown Mounds
-123.11338,49.241656,Queen Elizabeth Park,Queen Elizabeth Park,Knife Edge Two Piece
-123.076377,49.237432,Kensington Park,Kensington Park,Gates
-123.143789,49.276484,Vanier Park,Vanier Park,Discus Thrower
-123.120902,49.29924,Brockton Point,Brockton Point,Beaver Crest Pole
-123.118001,49.299862,Brockton Point,Brockton Point,Chehalis Cross
-123.121984,49.300579,Great Granite Boulder,Great Granite Boulder,Girl in a Wetsuit
-123.117887,49.299969,,,Empress of Japan
-123.130411,49.30255,,,Lumberman's Arch
-123.141931,49.311866,Lions Gate Bridge,Lions Gate Bridge,Untitled (Lions: pair)
-123.136238,49.299971,,,Shakespeare Monument and Garden
-123.120776,49.299188,Brockton Point,Brockton Point,Thunderbird House Post
-123.126135,49.272885,Concord Pacific,Concord Pacific,Pacific Spiral
-123.120851,49.299245,Brockton Point,Brockton Point,Chief Wa'kas Pole
-123.120898,49.299283,Brockton Point,Brockton Point,Sky Chief Pole
-123.120781,49.299161,Brockton Point,Brockton Point,Chief Skedans Mortuary Pole
-123.130955,49.300017,Vancouver Aquarium,Vancouver Aquarium,Killer Whale / Chief of the Undersea World
-123.134314,49.297138,,,Queen Victoria Memorial Drinking Fountain
-123.134619,49.297198,,,Robert Burns
-123.135223,49.297258,,,Lord Stanley
-123.099377,49.281678,Bruce Eriksen Place,Bruce Eriksen Place,Bruce Eriksen Place
-123.132011,49.301084,,,Japanese-Canadian War Memorial
-123.110708,49.281711,Vancouver Vocational Institute,Vancouver Vocational Institute,Untitled
-123.190702,49.271195,Brock House,Brock House,Continuity
-123.120716,49.282472,Robson Square,Robson Square,Bird of Spring
-123.121989,49.282095,Robson Square,Robson Square,Spring
-123.233646,49.279179,Spanish Bank,Spanish Bank,Anchor
-123.133879,49.293036,Devonian Harbour Park,Devonian Harbour Park,Search
-123.109952,49.282161,Victory Square,Victory Square,Untitled
-123.109894,49.28209,Victory Square,Victory Square,Province Newspaper Memorial
-123.119147,49.273265,Marinaside Crescent,Marinaside Crescent,Lookout
-123.117552,49.273857,Boathouse Mews,Boathouse Mews,Untitled (fountain)
-123.133832,49.238255,VanDusen Botanical Garden,VanDusen Botanical Garden,Throne of Nezahualcoyotl
-123.121784,49.288052,Royal General Insurance Bldg.,Royal General Insurance Bldg.,Untitled (Lions)
-123.11496,49.284889,"Formerly T.D. Bank now SFU",Formerly T.D. Bank now SFU,B.C. Pageant
-123.138913,49.261911,Block Bldg.,Block Bldg.,Nature's Own Geometry
-123.138963,49.267592,Granville Street Bridge,Granville Street Bridge,Untitled (100)
-123.112934,49.280206,Queen Elizabeth Theatre,Queen Elizabeth Theatre,Requiem for Yan
-123.118204,49.287592,Guiness Tower,Guiness Tower,The Fathomless Richness of the Seabed
-123.109894,49.282475,Victory Square,Victory Square,Cenotaph
-123.112989,49.280518,Queen Elizabeth Playhouse,Queen Elizabeth Playhouse,Florentine Door & Wall #3
-123.114442,49.280548,Main Post Office,Main Post Office,Untitled
-123.11481,49.28063,Main Post Office,Main Post Office,The Postman
-123.119929,49.283235,Vancouver Art Gallery,Vancouver Art Gallery,B.C. Centennial Fountain
-123.120103,49.283046,Vancouver Art Gallery,Vancouver Art Gallery,Untitled (Pair of Lions)
-123.12062,49.283241,Vancouver Art Gallery,Vancouver Art Gallery,King Edward VII Fountain
-123.147597,49.277073,Hadden Park,Hadden Park,Centennial Pole (totem)
-123.133965,49.293313,Devonian Harbour Park,Devonian Harbour Park,Solo
-123.094871,49.286208,Flying Angel Seamen's Club,Flying Angel Seamen's Club,Hastings Mill Commemorative
-123.096898,49.234639,Mountain View Cemetary,Mountain View Cemetary,Cross of Sacrifice
-123.114961,49.279206,CBC Building,CBC Building,Untitled
-123.113307,49.280087,Queen Elizabeth Theatre Plaza,Queen Elizabeth Theatre Plaza,Queen Elizabeth Plaza Centennial Fountain
-123.113485,49.287927,Trade and Convention Centre,Trade and Convention Centre,Untitled (wall hanging)
-123.109588,49.288861,Canada Place,Canada Place,Salute to the Lions of Vancouver
-123.031862,49.263387,Thunderbird Community Centre,Thunderbird Community Centre,Thunderbird Mural
-123.141787,49.287577,English Bay,English Bay,George Cunningham Memorial Sundial
-123.104296,49.283351,Gastown,Gastown,Captain John Deighton (Gassy Jack)
-123.069796,49.27352,Grandview Park,Grandview Park,Untitled (Cenotaph)
-123.136502,49.27788,Sunset Beach,Sunset Beach,AIDS Memorial
-123.123173,49.290948,Harbour Green Park seawall,Harbour Green Park seawall,LightShed
-123.136859,49.294127,Dr. Stanley Ho Building,Dr. Stanley Ho Building,Untitled (Dr. Stanley Ho Building)
-123.142699,49.286661,,,Seal's Ball
-123.113251,49.288027,Trade and Convention Centre,Trade and Convention Centre,Untitled
-123.113456,49.288032,Trade and Convention Centre,Trade and Convention Centre,Reflections of Vancouver
-123.122352,49.252608,Douglas Park,Douglas Park,Douglas Park Bench Project
-123.12491,49.271847,David Lam Park,David Lam Park,Marking High Tide and Waiting for Low Tide Pavillions
-123.043728,49.251186,,,Renfrew Ravine Sanctuary
-123.123477,49.28967,Harbour Green,Harbour Green,Semaphores
-123.046635,49.244207,Slocan Park,Slocan Park,Constellation Lanterns
-123.069932,49.260535,,,Mosaic Planet
-123.070049,49.25661,Commercial Drive,Commercial Drive,Community Walls/Community Voices
-123.115856,49.2726,False Creek foreshore,False Creek foreshore,Time Top
-123.032018,49.214854,Champlain Heights Community Centre,Champlain Heights Community Centre,Country Living in the City
-123.065282,49.255626,Trout Lake Community Centre,Trout Lake Community Centre,Trout Lake Community Centre Mural
-123.10006,49.281071,Downtown Eastside,Downtown Eastside,Footprints
-123.129083,49.290167,Bayview,Bayview,Curtained Skies
-123.131793,49.291813,Bayshore tower 'C',Bayshore tower 'C',Leaf Stream
-123.027485,49.220697,Champlain Heights Elementary School,Champlain Heights Elementary School,New Sights in the Heights
-123.105193,49.280719,Keefer,Keefer,Chinatown Millennium Gate
-123.122657,49.272579,David Lam Park,David Lam Park,Watch Your Step
-123.095131,49.28427,Jim Green Residence,Jim Green Residence,Entranceway
-123.088931251443,49.2737052617811,"National Street Works Yard COV",National Street Works Yard COV,Project for a Public Works Yard
-123.152664129864,49.244357541763,"Marguerite House Quilchena Park",Marguerite House Quilchena Park,Three Watchmen
-123.091546214568,49.2797797907632,"Strathcona Community Centre",Strathcona Community Centre,2000 Views of Strathcona
-123.088931251443,49.2737052617811,National Works Yard,National Works Yard,Tribute to the Cambie Works Yard
-123.112870382402,49.280221662012,Queen Elizabeth Theatre,Queen Elizabeth Theatre,Untitled
-123.112870382402,49.280221662012,Queen Elizabeth Playhouse,Queen Elizabeth Playhouse,Untitled
-123.101892998304,49.2839293847425,Metro Vancouver Pump Station,Metro Vancouver Pump Station,To Connect (Metro Vancouver Pump Station)
-123.107442608386,49.2108943771512,Canadian Tire,Canadian Tire,Infinite Tire
-123.110691911503,49.2794044973364,,,Writing to You
-123.066696783512,49.252819255574,Porter Homes,Porter Homes,Peek-a-Boo
-123.113935739267,49.2613158916217,Vancouver City Hall,Vancouver City Hall,Untitled (Mural)
-123.127562840853,49.274589638616,"'The Mark' on Seymour at Pacific",'The Mark' on Seymour at Pacific,TAG
-123.106049619997,49.2810814509183,Skwachàys Healing Lodge,Skwachàys Healing Lodge,Skwachàys Healing Lodge Pole
-123.104816411458,49.2807875522635,,,Century Winds of Change Mural
-123.062159063788,49.2556195510748,Trout Lake Community Center,Trout Lake Community Center,People of the Dawn
-123.050391949246,49.2569378465123,Italian Cultural Centre,Italian Cultural Centre,Friuli Mosaic
-123.044390614114,49.2274099234492,Killarney Community Centre,Killarney Community Centre,The Eyes of the People
-123.105572352575,49.2699395134282,Manitoba Plaza,Manitoba Plaza,Refined
-123.115976004173,49.2100109097238,Marine Gateway,Marine Gateway,Simon Fraser
-123.044390614114,49.2274099234492,Killarney Community Centre,Killarney Community Centre,Journey & Protector
-123.113935739267,49.2613158916217,Vancouver City Hall,Vancouver City Hall,Salish Sea Waters
-123.08464579286,49.2789348991504,Russian Hall,Russian Hall,Russian Hall Mural
-123.123326449381,49.2799917538749,Manulife Tower,Manulife Tower,Dichroic Vancouver
-123.125040050903,49.2770551706644,Vancouver International Film Festival Centre,Vancouver International Film Festival Centre,Moving Pictures
-123.103282272368,49.2797561341366,Chinese Cultural Centre,Chinese Cultural Centre,China Gate
-123.120971525984,49.2892581658509,One Harbour Green,One Harbour Green,One in Light
-123.08035953817,49.2633030903104,Vancouver Community College: Broadway Campus,Vancouver Community College: Broadway Campus,Double Blind
-123.110097741722,49.2837806793873,Harbour Centre Parkade,Harbour Centre Parkade,The Belonging Action
-123.110029006403,49.2837321709141,Harbour Centre Parkade,Harbour Centre Parkade,The Belonging Action
-123.115976004173,49.2100109097238,Marine Gateway,Marine Gateway,Tools of the Fraser River
-123.115976004173,49.2100109097238,Marine Gateway,Marine Gateway,Salish Gifts
-123.113935739267,49.2613158916217,Vancouver City Hall,Vancouver City Hall,Kapok Flower Sculpture
-123.114572880139,49.2790694578082,CBC Vancouver Broadcast Centre Plaza,CBC Vancouver Broadcast Centre Plaza,The Wall at CBC: down. town.
-123.115975696052,49.2099789677573,Marine Gateway,Marine Gateway,South Lobby
-123.115975771878,49.2099468185134,Marine Gateway,Marine Gateway,South Lobby
-123.108197006553,49.2447733739421,Hillcrest Centre,Hillcrest Centre,Grand Entry
-123.106820718977,49.2429331857656,Hillcrest Centre,Hillcrest Centre,Grand Entry
-123.073771673591,49.2756486049575,Britannia Community Services Centre,Britannia Community Services Centre,Home
-123.100330646819,49.2791489153819,601-627 Main Street,601-627 Main Street,The Unseen
-123.113935739267,49.2613158916217,Vancouver City Hall,Vancouver City Hall,Untitled, 2016
-123.115976004173,49.2100109097238,Marine Gateway,Marine Gateway,Fraser River Stories
-123.115976004173,49.2100109097238,Marine Gateway,Marine Gateway,Ebb and Flow
-123.115976004173,49.2100109097238,Marine Gateway,Marine Gateway,SWELL
-123.115975696052,49.2099789677573,Marine Gateway,Marine Gateway,North Lobby
-123.115975771878,49.2099468185134,Marine Gateway,Marine Gateway,North Lobby